{
  "version": "2.0",
  "logging": {
    "applicationInsights": {
      "samplingSettings": {
        "isEnabled": true,
        "excludedTypes": "Request"
      }
    },
    "logLevel": {
      "default": "Information",
      "Microsoft.Azure.WebJobs": "Information",
      "Microsoft.Azure.WebJobs.Script.WebHost": "Information",
      "Function": "Information",
      "Host.Results": "Information",
      "Host.Aggregator": "Information"
    },
    "fileLoggingMode": "always",
    "console": {
      "isEnabled": true
    }
  },
  "extensionBundle": {
    "id": "Microsoft.Azure.Functions.ExtensionBundle.Workflows",
    "version": "[1.*, 2.0.0)"
  },
  "functionTimeout": "00:15:00",
  "healthMonitor": {
    "enabled": true,
    "healthCheckInterval": "00:00:10",
    "healthCheckWindow": "00:02:00",
    "healthCheckThreshold": 6,
    "counterThreshold": 0.80
  },
  "singleton": {
    "lockPeriod": "00:00:15",
    "listenerLockPeriod": "00:01:00",
    "listenerLockRecoveryPollingInterval": "00:01:00",
    "lockAcquisitionTimeout": "00:01:00",
    "lockAcquisitionPollingInterval": "00:00:03"
  },
  "watchDirectories": [
    "Shared"
  ]
}
