{"TimeStamp":"2025-11-10T10:42:12Z","SiteName":"ais-training-la","RequestId":"1f495ce9-bfdf-4365-93a3-85c05995232c","Kind":"ZipDeploy","Status":"Success","Details":"{\"Id\":\"66f71e9d2ee04a8988b6aa454bd4dbda\",\"Status\":4,\"StatusText\":\"\",\"AuthorEmail\":\"N/A\",\"Author\":\"N/A\",\"Message\":\"Created via a push deployment\",\"Progress\":\"\",\"Deployer\":\"ZipDeploy\",\"ReceivedTime\":\"2025-11-10T10:42:09.9783417Z\",\"StartTime\":\"2025-11-10T10:42:10.7439458Z\",\"EndTime\":\"2025-11-10T10:42:12.2595682Z\",\"LastSuccessEndTime\":\"2025-11-10T10:42:12.2595682Z\",\"Complete\":true,\"IsTemporary\":false,\"IsReadOnly\":true,\"SiteName\":\"ais-training-la\",\"HostName\":\"ais-training-la-b9fmb9f3bma5b6bb.scm.canadacentral-01.azurewebsites.net\",\"ProjectType\":\"Run-From-Zip\",\"VsProjectId\":null}"}