﻿<?xml version="1.0" encoding="utf-8"?>
<deployment>
  <id>22a7fccfbc5b4fc78e989153c0a93e49</id>
  <author>N/A</author>
  <deployer>ZipDeploy</deployer>
  <authorEmail>N/A</authorEmail>
  <message>Created via a push deployment</message>
  <progress></progress>
  <status>Success</status>
  <statusText></statusText>
  <lastSuccessEndTime>2025-11-10T10:01:25.5452064Z</lastSuccessEndTime>
  <receivedTime>2025-11-10T10:01:23.404585Z</receivedTime>
  <startTime>2025-11-10T10:01:24.0920835Z</startTime>
  <endTime>2025-11-10T10:01:25.5452064Z</endTime>
  <complete>True</complete>
  <is_temp>False</is_temp>
  <is_readonly>True</is_readonly>
  <project_type>Run-From-Zip</project_type>
  <vsproject_id></vsproject_id>
</deployment>