{
  "managedApiConnections": {},
  "serviceProviderConnections": {
    "sql": {
      "parameterValues": {
        "connectionString": "Server=tcp:aistrainingserver.database.windows.net,1433;Initial Catalog=empdb;Encrypt=True;TrustServerCertificate=False;Connection Timeout=30;Authentication=\"Active Directory Default\";"
      },
      "serviceProvider": {
        "id": "/serviceProviders/sql"
      },
      "displayName": "sql"
    },
    "azureloganalyticsdatacollector": {
      "parameterValues": {
        "username": "8e0e91cd-3ac1-4479-b7c7-74f1e7af5f0c",
        "password": "fw6ZBfFnxtAGuKPivop/AU0kfI8xq6vLJ/UTv7HVCrYRIDKwk+HYvCmbOJogALloqroMIPR+4TUM+PvLogDMQg=="
      },
      "serviceProvider": {
        "id": "/serviceProviders/azureloganalyticsdatacollector"
      },
      "displayName": "azureloganalyticsdatacollector"
    }
  }
}