{
  "managedApiConnections": {
    "azurequeues": {
      "api": {
        "id": "/subscriptions/cbb1dbec-731f-4479-a084-bdaec5e54fd4/providers/Microsoft.Web/locations/canadacentral/managedApis/azurequeues"
      },
      "connection": {
        "id": "/subscriptions/cbb1dbec-731f-4479-a084-bdaec5e54fd4/resourceGroups/AIS_Training_Shibin/providers/Microsoft.Web/connections/azurequeues"
      },
      "connectionRuntimeUrl": "https://canadacentral.logic.azure.com:443/subscriptions/cbb1dbec-731f-4479-a084-bdaec5e54fd4/resourceGroups/AIS_Training_Shibin/providers/Microsoft.Web/connections/azurequeues",
      "authentication": {
        "type": "ManagedServiceIdentity"
      }
    }
  },
  "serviceProviderConnections": {
    "sql": {
      "parameterValues": {
        "connectionString": "Server=tcp:aistrainingserver.database.windows.net,1433;Initial Catalog=empdb;Encrypt=True;TrustServerCertificate=False;Connection Timeout=30;Authentication=\"Active Directory Default\";"
      },
      "serviceProvider": {
        "id": "/serviceProviders/sql"
      },
      "displayName": "sql"
    },
    "azureloganalyticsdatacollector": {
      "parameterValues": {
        "username": "8e0e91cd-3ac1-4479-b7c7-74f1e7af5f0c",
        "password": "fw6ZBfFnxtAGuKPivop/AU0kfI8xq6vLJ/UTv7HVCrYRIDKwk+HYvCmbOJogALloqroMIPR+4TUM+PvLogDMQg=="
      },
      "serviceProvider": {
        "id": "/serviceProviders/azureloganalyticsdatacollector"
      },
      "displayName": "azureloganalyticsdatacollector"
    },
    "serviceBus": {
      "parameterValues": {
        "connectionString": "@appsetting('SERVICE_BUS_CONNECTION_STRING')"
      },
      "serviceProvider": {
        "id": "/serviceProviders/serviceBus"
      },
      "displayName": "serviceBus"
    },
    "FileSystem": {
      "parameterValues": {
        "rootFolder": "C:\\EmployeeFiles",
        "authentication": "Windows",
        "username": "@appsetting('ONPREMISE_FILE_USERNAME')",
        "password": "@appsetting('ONPREMISE_FILE_PASSWORD')",
        "gateway": "@appsetting('ONPREMISE_GATEWAY_ID')"
      },
      "serviceProvider": {
        "id": "/serviceProviders/FileSystem"
      },
      "displayName": "FileSystem"
    }
  }
}