{
    "IsEncrypted":  false,
    "Values":  {
                   "AzureWebJobsStorage":  "UseDevelopmentStorage=true",
                   "FUNCTIONS_INPROC_NET8_ENABLED":  "1",
                   "FUNCTIONS_WORKER_RUNTIME":  "dotnet",
                   "APP_KIND":  "workflowapp",
                   "ProjectDirectoryPath":  "c:\\Repo\\AITTrainings\\LogicApps\\UpsertEmployee\\UpsertEmployee",
                   "WORKFLOWS_SUBSCRIPTION_ID":  "cbb1dbec-731f-4479-a084-bdaec5e54fd4",
                   "WORKFLOWS_RESOURCE_GROUP_NAME":  "AIS_Training_Shibin",
                   "WORKFLOWS_LOCATION_NAME":  "Canada Central",
                   "WORKFLOWS_LOGIC_APP_NAME":  "ais-training-la",
                   "WORKFLOWS_MANAGEMENT_BASE_URI":  "https://management.azure.com/",
                   "WEBSITE_LOAD_USER_PROFILE":  "1",
                   "WEBSITE_RUN_FROM_PACKAGE":  "1",
                   "WEBSITE_CONTENTAZUREFILECONNECTIONSTRING":  "UseDevelopmentStorage=true",
                   "WEBSITE_CONTENTSHARE":  "upsert-employee-content",
                   "LOG_ANALYTICS_WORKSPACE_ID":  "8e0e91cd-3ac1-4479-b7c7-74f1e7af5f0c",
                   "LOG_ANALYTICS_PRIMARY_KEY":  "fw6ZBfFnxtAGuKPivop/AU0kfI8xq6vLJ/UTv7HVCrYRIDKwk+HYvCmbOJogALloqroMIPR+4TUM+PvLogDMQg==",
                   "AZURE_SQL_CONNECTION_STRING":  "Server=tcp:aistrainingserver.database.windows.net,1433;Initial Catalog=empdb;Encrypt=True;TrustServerCertificate=False;Connection Timeout=30;Authentication=\"Active Directory Default\";",
                   "APPINSIGHTS_INSTRUMENTATIONKEY":  "714a6b4e-1c59-40c2-aba0-5d9f4ccd220d",
                   "APPLICATIONINSIGHTS_CONNECTION_STRING":  "InstrumentationKey=714a6b4e-1c59-40c2-aba0-5d9f4ccd220d;IngestionEndpoint=https://canadacentral-1.in.applicationinsights.azure.com/;LiveEndpoint=https://canadacentral.livediagnostics.monitor.azure.com/;ApplicationId=4aedfd7f-b888-4b64-96ff-92e453c0d91f"
               },
    "ConnectionStrings":  {
                              "DefaultConnection":  "Server=(localdb)\\MSSQLLocalDB;Database=EmployeeDB;Trusted_Connection=True;MultipleActiveResultSets=True;",
                              "AzureSqlConnection":  "Server=tcp:aistrainingserver.database.windows.net,1433;Initial Catalog=empdb;Encrypt=True;TrustServerCertificate=False;Connection Timeout=30;Authentication=\"Active Directory Default\";"
                          }
}
