﻿<?xml version="1.0" encoding="utf-8"?>
<deployment>
  <id>66f71e9d2ee04a8988b6aa454bd4dbda</id>
  <author>N/A</author>
  <deployer>ZipDeploy</deployer>
  <authorEmail>N/A</authorEmail>
  <message>Created via a push deployment</message>
  <progress></progress>
  <status>Success</status>
  <statusText></statusText>
  <lastSuccessEndTime>2025-11-10T10:42:12.2595682Z</lastSuccessEndTime>
  <receivedTime>2025-11-10T10:42:09.9783417Z</receivedTime>
  <startTime>2025-11-10T10:42:10.7439458Z</startTime>
  <endTime>2025-11-10T10:42:12.2595682Z</endTime>
  <complete>True</complete>
  <is_temp>False</is_temp>
  <is_readonly>True</is_readonly>
  <project_type>Run-From-Zip</project_type>
  <vsproject_id></vsproject_id>
</deployment>