<step title="Incoming Request" date="2025-11-10T10:01:21.529" instance="8a3afa" url="/api/zipdeploy" method="POST" type="request" pid="3352,2,8" Content-Length="201395" Content-Type="application/zip" Authorization="Bea..." Host="ais-training-la-b9fmb9f3bma5b6bb.scm.canadacentral-01.azurewebsites.net" If-Match="*" User-Agent="functions-core-tools/4.4.0" X-ARR-LOG-ID="50398f2b-9f87-4d05-89b1-f17874c216fd" CLIENT-IP="8.29.231.52:43130" X-SITE-DEPLOYMENT-ID="ais-training-la" WAS-DEFAULT-HOSTNAME="ais-training-la-b9fmb9f3bma5b6bb.scm.canadacentral-01.azurewebsites.net" X-Forwarded-Proto="https" X-AppService-Proto="https" X-Forwarded-TlsVersion="1.3" X-WAWS-Unencoded-URL="/api/zipdeploy" >
  <step title="ZipPushDeploy" date="2025-11-10T10:01:21.607" >
    <step title="Functions App ZipDeploy. Run from package." date="2025-11-10T10:01:21.623" /><!-- duration: 31ms -->
    <step title="Starting PushDeployAsync" date="2025-11-10T10:01:21.670" /><!-- duration: 16ms -->
    <step title="Updating shutdown sentinel last write time" date="2025-11-10T10:01:21.732" SemaphoreCount="7" /><!-- duration: 16ms -->
    <step title="LockFile &apos;C:\home\site\locks\deployments.lock&apos; acquired" date="2025-11-10T10:01:21.779" /><!-- duration: 31ms -->
    <step title="Saving request content to C:\home\data\SitePackages\20251110100121.zip" date="2025-11-10T10:01:21.842" >
      <step title="Total 201,395 bytes written to C:\home\data\SitePackages\20251110100121.zip" date="2025-11-10T10:01:21.888" /><!-- duration: 16ms -->
    </step><!-- duration: 94ms -->
    <step title="LockFile &apos;C:\home\site\locks\deployments.lock&apos; released" date="2025-11-10T10:01:21.967" /><!-- duration: 31ms -->
    <step title="Deleting shutdown sentinel file" date="2025-11-10T10:01:22.029" SemaphoreCount="8" /><!-- duration: 16ms -->
    <step title="Starting FetchDeploy" date="2025-11-10T10:01:22.092" /><!-- duration: 31ms -->
    <step title="Attempting to fetch target branch HEAD" date="2025-11-10T10:01:22.154" /><!-- duration: 16ms -->
    <step title="Updating shutdown sentinel last write time" date="2025-11-10T10:01:22.217" SemaphoreCount="7" /><!-- duration: 31ms -->
    <step title="LockFile &apos;C:\home\site\locks\deployments.lock&apos; acquired" date="2025-11-10T10:01:22.310" /><!-- duration: 16ms -->
    <step title="Performing fetch based deployment" date="2025-11-10T10:01:22.342" >
      <step title="Creating temporary deployment" date="2025-11-10T10:01:22.373" /><!-- duration: 156ms -->
      <step title="Fetching changes." date="2025-11-10T10:01:22.873" /><!-- duration: 16ms -->
      <step title="Starting LocalZipHandler" date="2025-11-10T10:01:22.935" /><!-- duration: 16ms -->
      <step title="Starting ExtractTriggers" date="2025-11-10T10:01:22.982" /><!-- duration: 16ms -->
      <step title="None repository commit" date="2025-11-10T10:01:23.060" >
        <step title="Commit id: 22a7fccfbc5b4fc78e989153c0a93e49" date="2025-11-10T10:01:23.107" Message="Created via a push deployment" AuthorName="N/A" AuthorEmail="N/A" /><!-- duration: 31ms -->
      </step><!-- duration: 94ms -->
      <step title="Before sending BuildRequestReceived status to /api/updatedeploystatus" date="2025-11-10T10:01:23.170" /><!-- duration: 16ms -->
      <step title="DeploymentManager.Deploy(id:22a7fccfbc5b4fc78e989153c0a93e49)" date="2025-11-10T10:01:23.217" >
        <step title="Collecting changeset information" date="2025-11-10T10:01:23.326" /><!-- duration: 156ms -->
        <step title="Updating submodules" date="2025-11-10T10:01:23.513" >
          <step title="Updating submodules." date="2025-11-10T10:01:23.685" /><!-- duration: 31ms -->
        </step><!-- duration: 250ms -->
        <step title="Preparing deployment for commit id &apos;22a7fccfbc&apos;." date="2025-11-10T10:01:23.967" /><!-- duration: 16ms -->
        <step title="Determining deployment builder" date="2025-11-10T10:01:24.185" >
          <step title="Builder is RunFromZipSiteBuilder" date="2025-11-10T10:01:24.232" /><!-- duration: 16ms -->
        </step><!-- duration: 94ms -->
        <step title="Copying SSH keys" date="2025-11-10T10:01:24.388" /><!-- duration: 31ms -->
        <step title="Building" date="2025-11-10T10:01:24.451" >
          <step title="Skipping build. Project type: Run-From-Zip" date="2025-11-10T10:01:24.670" /><!-- duration: 47ms -->
          <step title="Skipping post build. Project type: Run-From-Zip" date="2025-11-10T10:01:24.920" /><!-- duration: 16ms -->
          <step title="Triggering recycle (preview mode disabled)." date="2025-11-10T10:01:25.170" /><!-- duration: 31ms -->
          <step title="Ignoring FS watcher based recycle request as this is a classic Windows app." date="2025-11-10T10:01:25.232" /><!-- duration: 16ms -->
          <step title="Deployment successful. DEPLOYMENTINFO: deploymentPath = Functions App ZipDeploy. Run from package., deployer = ZipDeploy, os = windows, sku = WorkflowStandard, language = dotnet, siteName = ais-training-la, slotName = Production, siteHostName = ais-training-la-b9fmb9f3bma5b6bb.canadacentral-01.azurewebsites.net, deploymentStatus = Success" date="2025-11-10T10:01:25.435" /><!-- duration: 16ms -->
        </step><!-- duration: 1484ms -->
      </step><!-- duration: 2734ms -->
      <step title="Cleaning up temp files" date="2025-11-10T10:01:25.967" /><!-- duration: 16ms -->
      <step title="Updating C:\home\data\SitePackages\packagename.txt with deployment 20251110100121.zip" date="2025-11-10T10:01:25.998" /><!-- duration: 78ms -->
      <step title="Begin HttpPost https://ais-training-la-b9fmb9f3bma5b6bb.scm.canadacentral-01.azurewebsites.net/operations/settriggers, x-ms-request-id: 50398f2b-9f87-4d05-89b1-f17874c216fd" date="2025-11-10T10:01:26.123" /><!-- duration: 78ms -->
      <step title="End HttpPost, status: OK" date="2025-11-10T10:01:26.263" /><!-- duration: 16ms -->
      <step title="Scheduling background sync triggers after delay" date="2025-11-10T10:01:26.295" /><!-- duration: 31ms -->
    </step><!-- duration: 4203ms -->
    <step title="LockFile &apos;C:\home\site\locks\deployments.lock&apos; released" date="2025-11-10T10:01:26.576" /><!-- duration: 31ms -->
  </step><!-- duration: 5031ms -->
  <step title="Outgoing response" date="2025-11-10T10:01:26.670" type="response" statusCode="200" statusText="OK" Server="Microsoft-IIS/10.0" x-ms-request-id="50398f2b-9f87-4d05-89b1-f17874c216fd" Cache-Control="private" X-AspNet-Version="4.0.30319" /><!-- duration: 16ms -->
</step><!-- duration: 5172ms -->
