<step title="Incoming Request" date="2025-11-10T10:42:07.909" instance="8a3afa" url="/api/zipdeploy" method="POST" type="request" pid="5180,2,8" Content-Length="289985" Content-Type="application/zip" Authorization="Bea..." Host="ais-training-la-b9fmb9f3bma5b6bb.scm.canadacentral-01.azurewebsites.net" If-Match="*" User-Agent="functions-core-tools/4.4.0" X-ARR-LOG-ID="1f495ce9-bfdf-4365-93a3-85c05995232c" CLIENT-IP="8.29.231.52:18646" X-SITE-DEPLOYMENT-ID="ais-training-la" WAS-DEFAULT-HOSTNAME="ais-training-la-b9fmb9f3bma5b6bb.scm.canadacentral-01.azurewebsites.net" X-Forwarded-Proto="https" X-AppService-Proto="https" X-Forwarded-TlsVersion="1.3" X-WAWS-Unencoded-URL="/api/zipdeploy" >
  <step title="ZipPushDeploy" date="2025-11-10T10:42:08.009" >
    <step title="Functions App ZipDeploy. Run from package." date="2025-11-10T10:42:08.040" /><!-- duration: 31ms -->
    <step title="Starting PushDeployAsync" date="2025-11-10T10:42:08.103" /><!-- duration: 16ms -->
    <step title="Updating shutdown sentinel last write time" date="2025-11-10T10:42:08.228" SemaphoreCount="7" /><!-- duration: 16ms -->
    <step title="LockFile &apos;C:\home\site\locks\deployments.lock&apos; acquired" date="2025-11-10T10:42:08.275" /><!-- duration: 16ms -->
    <step title="Deleting outdated zip file C:\home\data\SitePackages\20251110095141.zip" date="2025-11-10T10:42:08.353" /><!-- duration: 31ms -->
    <step title="Saving request content to C:\home\data\SitePackages\20251110104208.zip" date="2025-11-10T10:42:08.415" >
      <step title="Total 289,985 bytes written to C:\home\data\SitePackages\20251110104208.zip" date="2025-11-10T10:42:08.493" /><!-- duration: 16ms -->
    </step><!-- duration: 156ms -->
    <step title="LockFile &apos;C:\home\site\locks\deployments.lock&apos; released" date="2025-11-10T10:42:08.603" /><!-- duration: 16ms -->
    <step title="Deleting shutdown sentinel file" date="2025-11-10T10:42:08.665" SemaphoreCount="8" /><!-- duration: 16ms -->
    <step title="Starting FetchDeploy" date="2025-11-10T10:42:08.712" /><!-- duration: 16ms -->
    <step title="Attempting to fetch target branch HEAD" date="2025-11-10T10:42:08.759" /><!-- duration: 16ms -->
    <step title="Updating shutdown sentinel last write time" date="2025-11-10T10:42:08.837" SemaphoreCount="7" /><!-- duration: 31ms -->
    <step title="LockFile &apos;C:\home\site\locks\deployments.lock&apos; acquired" date="2025-11-10T10:42:08.884" /><!-- duration: 31ms -->
    <step title="Performing fetch based deployment" date="2025-11-10T10:42:08.962" >
      <step title="Creating temporary deployment" date="2025-11-10T10:42:08.993" /><!-- duration: 172ms -->
      <step title="Fetching changes." date="2025-11-10T10:42:09.400" /><!-- duration: 31ms -->
      <step title="Starting LocalZipHandler" date="2025-11-10T10:42:09.478" /><!-- duration: 16ms -->
      <step title="Starting ExtractTriggers" date="2025-11-10T10:42:09.525" /><!-- duration: 31ms -->
      <step title="None repository commit" date="2025-11-10T10:42:09.712" >
        <step title="Commit id: 66f71e9d2ee04a8988b6aa454bd4dbda" date="2025-11-10T10:42:09.728" Message="Created via a push deployment" AuthorName="N/A" AuthorEmail="N/A" /><!-- duration: 31ms -->
      </step><!-- duration: 62ms -->
      <step title="Before sending BuildRequestReceived status to /api/updatedeploystatus" date="2025-11-10T10:42:09.806" /><!-- duration: 16ms -->
      <step title="DeploymentManager.Deploy(id:66f71e9d2ee04a8988b6aa454bd4dbda)" date="2025-11-10T10:42:09.853" >
        <step title="Collecting changeset information" date="2025-11-10T10:42:09.900" /><!-- duration: 188ms -->
        <step title="Updating submodules" date="2025-11-10T10:42:10.103" >
          <step title="Updating submodules." date="2025-11-10T10:42:10.337" /><!-- duration: 31ms -->
        </step><!-- duration: 312ms -->
        <step title="Preparing deployment for commit id &apos;66f71e9d2e&apos;." date="2025-11-10T10:42:10.634" /><!-- duration: 16ms -->
        <step title="Determining deployment builder" date="2025-11-10T10:42:10.868" >
          <step title="Builder is RunFromZipSiteBuilder" date="2025-11-10T10:42:10.884" /><!-- duration: 31ms -->
        </step><!-- duration: 78ms -->
        <step title="Copying SSH keys" date="2025-11-10T10:42:11.025" /><!-- duration: 31ms -->
        <step title="Building" date="2025-11-10T10:42:11.087" >
          <step title="Skipping build. Project type: Run-From-Zip" date="2025-11-10T10:42:11.275" /><!-- duration: 31ms -->
          <step title="Skipping post build. Project type: Run-From-Zip" date="2025-11-10T10:42:11.556" /><!-- duration: 16ms -->
          <step title="Triggering recycle (preview mode disabled)." date="2025-11-10T10:42:11.837" /><!-- duration: 16ms -->
          <step title="Ignoring FS watcher based recycle request as this is a classic Windows app." date="2025-11-10T10:42:11.915" /><!-- duration: 16ms -->
          <step title="Deployment successful. DEPLOYMENTINFO: deploymentPath = Functions App ZipDeploy. Run from package., deployer = ZipDeploy, os = windows, sku = WorkflowStandard, language = dotnet, siteName = ais-training-la, slotName = Production, siteHostName = ais-training-la-b9fmb9f3bma5b6bb.canadacentral-01.azurewebsites.net, deploymentStatus = Success" date="2025-11-10T10:42:12.150" /><!-- duration: 16ms -->
        </step><!-- duration: 1641ms -->
      </step><!-- duration: 2891ms -->
      <step title="Cleaning up temp files" date="2025-11-10T10:42:12.775" /><!-- duration: 16ms -->
      <step title="Updating C:\home\data\SitePackages\packagename.txt with deployment 20251110104208.zip" date="2025-11-10T10:42:12.822" /><!-- duration: 47ms -->
      <step title="Begin HttpPost https://ais-training-la-b9fmb9f3bma5b6bb.scm.canadacentral-01.azurewebsites.net/operations/settriggers, x-ms-request-id: 1f495ce9-bfdf-4365-93a3-85c05995232c" date="2025-11-10T10:42:12.962" /><!-- duration: 31ms -->
      <step title="End HttpPost, status: OK" date="2025-11-10T10:42:13.400" /><!-- duration: 31ms -->
      <step title="Scheduling background sync triggers after delay" date="2025-11-10T10:42:13.447" /><!-- duration: 31ms -->
    </step><!-- duration: 4734ms -->
    <step title="LockFile &apos;C:\home\site\locks\deployments.lock&apos; released" date="2025-11-10T10:42:13.728" /><!-- duration: 31ms -->
  </step><!-- duration: 5781ms -->
  <step title="Outgoing response" date="2025-11-10T10:42:13.822" type="response" statusCode="200" statusText="OK" Server="Microsoft-IIS/10.0" x-ms-request-id="1f495ce9-bfdf-4365-93a3-85c05995232c" Cache-Control="private" X-AspNet-Version="4.0.30319" /><!-- duration: 16ms -->
</step><!-- duration: 5944ms -->
