<Events><Event><System><Provider Name="IIS AspNetCore Module V2"/><EventID>1032</EventID><Level>4</Level><Task>0</Task><Keywords>Keywords</Keywords><TimeCreated SystemTime="2025-11-10T09:47:33Z"/><EventRecordID>1793500</EventRecordID><Channel>Application</Channel><Computer>pd1sdwk000U4O</Computer><Security/></System><EventData><Data>Application 'C:\Program Files (x86)\SiteExtensions\FunctionsInProc8\4.844.100\64bit\' started successfully.</Data><Data>Process Id: 5436.</Data><Data>File Version: 18.0.25107.16. Description: IIS ASP.NET Core Module V2 Request Handler. Commit: </Data></EventData></Event><Event><System><Provider Name="IIS AspNetCore Module V2"/><EventID>1033</EventID><Level>4</Level><Task>0</Task><Keywords>Keywords</Keywords><TimeCreated SystemTime="2025-11-10T09:51:42Z"/><EventRecordID>2042546</EventRecordID><Channel>Application</Channel><Computer>pd1sdwk000U4O</Computer><Security/></System><EventData><Data>Application 'MACHINE/WEBROOT/APPHOST/AIS-TRAINING-LA' has shutdown.</Data><Data>Process Id: 5436.</Data><Data>File Version: 18.0.25107.16. Description: IIS ASP.NET Core Module V2 Request Handler. Commit: </Data></EventData></Event><Event><System><Provider Name="IIS AspNetCore Module V2"/><EventID>1032</EventID><Level>4</Level><Task>0</Task><Keywords>Keywords</Keywords><TimeCreated SystemTime="2025-11-10T09:51:44Z"/><EventRecordID>2044484</EventRecordID><Channel>Application</Channel><Computer>pd1sdwk000U4O</Computer><Security/></System><EventData><Data>Application 'C:\Program Files (x86)\SiteExtensions\FunctionsInProc8\4.844.100\64bit\' started successfully.</Data><Data>Process Id: 6268.</Data><Data>File Version: 18.0.25107.16. Description: IIS ASP.NET Core Module V2 Request Handler. Commit: </Data></EventData></Event><Event><System><Provider Name="IIS AspNetCore Module V2"/><EventID>1005</EventID><Level>2</Level><Task>0</Task><Keywords>Keywords</Keywords><TimeCreated SystemTime="2025-11-10T09:51:55Z"/><EventRecordID>2055109</EventRecordID><Channel>Application</Channel><Computer>pd1sdwk000U4O</Computer><Security/></System><EventData><Data>Failed to gracefully shutdown application 'MACHINE/WEBROOT/APPHOST/AIS-TRAINING-LA'.</Data><Data>Process Id: 6268.</Data><Data>File Version: 18.0.25107.16. Description: IIS ASP.NET Core Module V2 Request Handler. Commit: </Data></EventData></Event><Event><System><Provider Name="IIS AspNetCore Module V2"/><EventID>1032</EventID><Level>4</Level><Task>0</Task><Keywords>Keywords</Keywords><TimeCreated SystemTime="2025-11-10T09:52:03Z"/><EventRecordID>2063453</EventRecordID><Channel>Application</Channel><Computer>pd1sdwk000U4O</Computer><Security/></System><EventData><Data>Application 'C:\Program Files (x86)\SiteExtensions\FunctionsInProc8\4.844.100\64bit\' started successfully.</Data><Data>Process Id: 1980.</Data><Data>File Version: 18.0.25107.16. Description: IIS ASP.NET Core Module V2 Request Handler. Commit: </Data></EventData></Event><Event><System><Provider Name="IIS AspNetCore Module V2"/><EventID>1033</EventID><Level>4</Level><Task>0</Task><Keywords>Keywords</Keywords><TimeCreated SystemTime="2025-11-10T09:58:58Z"/><EventRecordID>2478765</EventRecordID><Channel>Application</Channel><Computer>pd1sdwk000U4O</Computer><Security/></System><EventData><Data>Application 'MACHINE/WEBROOT/APPHOST/AIS-TRAINING-LA' has shutdown.</Data><Data>Process Id: 1980.</Data><Data>File Version: 18.0.25107.16. Description: IIS ASP.NET Core Module V2 Request Handler. Commit: </Data></EventData></Event><Event><System><Provider Name="IIS AspNetCore Module V2"/><EventID>1032</EventID><Level>4</Level><Task>0</Task><Keywords>Keywords</Keywords><TimeCreated SystemTime="2025-11-10T09:59:11Z"/><EventRecordID>2491093</EventRecordID><Channel>Application</Channel><Computer>pd1sdwk000U4O</Computer><Security/></System><EventData><Data>Application 'C:\Program Files (x86)\SiteExtensions\FunctionsInProc8\4.844.100\64bit\' started successfully.</Data><Data>Process Id: 6888.</Data><Data>File Version: 18.0.25107.16. Description: IIS ASP.NET Core Module V2 Request Handler. Commit: </Data></EventData></Event><Event><System><Provider Name="IIS AspNetCore Module V2"/><EventID>1033</EventID><Level>4</Level><Task>0</Task><Keywords>Keywords</Keywords><TimeCreated SystemTime="2025-11-10T10:00:13Z"/><EventRecordID>2552843</EventRecordID><Channel>Application</Channel><Computer>pd1sdwk000U4O</Computer><Security/></System><EventData><Data>Application 'MACHINE/WEBROOT/APPHOST/AIS-TRAINING-LA' has shutdown.</Data><Data>Process Id: 6888.</Data><Data>File Version: 18.0.25107.16. Description: IIS ASP.NET Core Module V2 Request Handler. Commit: </Data></EventData></Event><Event><System><Provider Name="IIS AspNetCore Module V2"/><EventID>1032</EventID><Level>4</Level><Task>0</Task><Keywords>Keywords</Keywords><TimeCreated SystemTime="2025-11-10T10:00:21Z"/><EventRecordID>2561125</EventRecordID><Channel>Application</Channel><Computer>pd1sdwk000U4O</Computer><Security/></System><EventData><Data>Application 'C:\Program Files (x86)\SiteExtensions\FunctionsInProc8\4.844.100\64bit\' started successfully.</Data><Data>Process Id: 5876.</Data><Data>File Version: 18.0.25107.16. Description: IIS ASP.NET Core Module V2 Request Handler. Commit: </Data></EventData></Event><Event><System><Provider Name="IIS AspNetCore Module V2"/><EventID>1033</EventID><Level>4</Level><Task>0</Task><Keywords>Keywords</Keywords><TimeCreated SystemTime="2025-11-10T10:01:36Z"/><EventRecordID>2636437</EventRecordID><Channel>Application</Channel><Computer>pd1sdwk000U4O</Computer><Security/></System><EventData><Data>Application 'MACHINE/WEBROOT/APPHOST/AIS-TRAINING-LA' has shutdown.</Data><Data>Process Id: 5876.</Data><Data>File Version: 18.0.25107.16. Description: IIS ASP.NET Core Module V2 Request Handler. Commit: </Data></EventData></Event><Event><System><Provider Name="IIS AspNetCore Module V2"/><EventID>1032</EventID><Level>4</Level><Task>0</Task><Keywords>Keywords</Keywords><TimeCreated SystemTime="2025-11-10T10:01:45Z"/><EventRecordID>2644937</EventRecordID><Channel>Application</Channel><Computer>pd1sdwk000U4O</Computer><Security/></System><EventData><Data>Application 'C:\Program Files (x86)\SiteExtensions\FunctionsInProc8\4.844.100\64bit\' started successfully.</Data><Data>Process Id: 5648.</Data><Data>File Version: 18.0.25107.16. Description: IIS ASP.NET Core Module V2 Request Handler. Commit: </Data></EventData></Event><Event><System><Provider Name="ZipFS"/><EventID>0</EventID><Level>1</Level><Task>0</Task><Keywords>Keywords</Keywords><TimeCreated SystemTime="2025-11-10T10:02:51Z"/><EventRecordID>2711312</EventRecordID><Channel>Application</Channel><Computer>pd1sdwk000U4O</Computer><Security/></System><EventData><Data>Site is using stale zip. Refresh Zip initiating a recycle of the worker process.</Data></EventData></Event><Event><System><Provider Name="IIS AspNetCore Module V2"/><EventID>1033</EventID><Level>4</Level><Task>0</Task><Keywords>Keywords</Keywords><TimeCreated SystemTime="2025-11-10T10:42:23Z"/><EventRecordID>5083140</EventRecordID><Channel>Application</Channel><Computer>pd1sdwk000U4O</Computer><Security/></System><EventData><Data>Application 'MACHINE/WEBROOT/APPHOST/AIS-TRAINING-LA' has shutdown.</Data><Data>Process Id: 5648.</Data><Data>File Version: 18.0.25107.16. Description: IIS ASP.NET Core Module V2 Request Handler. Commit: </Data></EventData></Event><Event><System><Provider Name="IIS AspNetCore Module V2"/><EventID>1032</EventID><Level>4</Level><Task>0</Task><Keywords>Keywords</Keywords><TimeCreated SystemTime="2025-11-10T10:42:33Z"/><EventRecordID>5093062</EventRecordID><Channel>Application</Channel><Computer>pd1sdwk000U4O</Computer><Security/></System><EventData><Data>Application 'C:\Program Files (x86)\SiteExtensions\FunctionsInProc8\4.844.100\64bit\' started successfully.</Data><Data>Process Id: 4124.</Data><Data>File Version: 18.0.25107.16. Description: IIS ASP.NET Core Module V2 Request Handler. Commit: </Data></EventData></Event><Event><System><Provider Name="ZipFS"/><EventID>0</EventID><Level>1</Level><Task>0</Task><Keywords>Keywords</Keywords><TimeCreated SystemTime="2025-11-10T10:43:13Z"/><EventRecordID>5133250</EventRecordID><Channel>Application</Channel><Computer>pd1sdwk000U4O</Computer><Security/></System><EventData><Data>Site is using stale zip. Refresh Zip initiating a recycle of the worker process.</Data></EventData></Event><Event><System><Provider Name="IIS AspNetCore Module V2"/><EventID>1033</EventID><Level>4</Level><Task>0</Task><Keywords>Keywords</Keywords><TimeCreated SystemTime="2025-11-10T10:46:29Z"/><EventRecordID>5329765</EventRecordID><Channel>Application</Channel><Computer>pd1sdwk000U4O</Computer><Security/></System><EventData><Data>Application 'MACHINE/WEBROOT/APPHOST/AIS-TRAINING-LA' has shutdown.</Data><Data>Process Id: 4124.</Data><Data>File Version: 18.0.25107.16. Description: IIS ASP.NET Core Module V2 Request Handler. Commit: </Data></EventData></Event><Event><System><Provider Name="IIS AspNetCore Module V2"/><EventID>1032</EventID><Level>4</Level><Task>0</Task><Keywords>Keywords</Keywords><TimeCreated SystemTime="2025-11-10T10:46:48Z"/><EventRecordID>5348281</EventRecordID><Channel>Application</Channel><Computer>pd1sdwk000U4O</Computer><Security/></System><EventData><Data>Application 'C:\Program Files (x86)\SiteExtensions\FunctionsInProc8\4.844.100\64bit\' started successfully.</Data><Data>Process Id: 2136.</Data><Data>File Version: 18.0.25107.16. Description: IIS ASP.NET Core Module V2 Request Handler. Commit: </Data></EventData></Event></Events>